Title,URL,Author and Date
Easy French Step-by-Step,/French-Step-Step-Myrna-Rochester/dp/0071453873/ref=sr_1_1?keywords=Learn+french+book&qid=1564577474&refinements=p_n_feature_fifteen_browse-bin%3A5244976011&rnid=5244959011&s=books&sr=1-1,"by Myrna Bell Rochester  | Dec 1, 2008"
Fluent in French: The most complete study guide to learn French,/Fluent-French-complete-study-guide/dp/1515000141/ref=sr_1_2?keywords=Learn+french+book&qid=1564577474&refinements=p_n_feature_fifteen_browse-bin%3A5244976011&rnid=5244959011&s=books&sr=1-2,"by Frederic Bibard | Jul 9, 2015"
"The Penguin French Phrasebook: Fourth Edition (Phrase Book, Penguin)",/Penguin-French-Phrasebook-Fourth-Phrase/dp/014103906X/ref=sr_1_3?keywords=Learn+french+book&qid=1564577474&refinements=p_n_feature_fifteen_browse-bin%3A5244976011&rnid=5244959011&s=books&sr=1-3,"by Jill Norman, Henri Orteu, et al. | Aug 14, 2013"
French Phrasebook: +1400 French Phrases to travel in France with confidence!,/French-Phrasebook-Phrases-confidence-English/dp/1508777284/ref=sr_1_4?keywords=Learn+french+book&qid=1564577474&refinements=p_n_feature_fifteen_browse-bin%3A5244976011&rnid=5244959011&s=books&sr=1-4,"by Frederic Bibard | Mar 5, 2015"
French Short Stories for Beginners: 20 Captivating Short Stories to Learn French & Grow Your Vocabulary the Fun Way! (Easy French Stories) (French Edition),/French-Short-Stories-Beginners-Captivating/dp/1721566988/ref=sr_1_5?keywords=Learn+french+book&qid=1564577474&refinements=p_n_feature_fifteen_browse-bin%3A5244976011&rnid=5244959011&s=books&sr=1-5,"by Lingo Mastery  | Jun 19, 2018"
Ultimate French Beginner-Intermediate (Coursebook) (Ultimate Beginner-Intermediate),/Ultimate-French-Beginner-Intermediate-Coursebook/dp/1400009634/ref=sr_1_6?keywords=Learn+french+book&qid=1564577474&refinements=p_n_feature_fifteen_browse-bin%3A5244976011&rnid=5244959011&s=books&sr=1-6,"by Living Language | Jul 28, 2009"
French Grammar (Quickstudy: Academic),/French-Grammar-Quickstudy-Inc-BarCharts/dp/1572225289/ref=sr_1_7?keywords=Learn+french+book&qid=1564577474&refinements=p_n_feature_fifteen_browse-bin%3A5244976011&rnid=5244959011&s=books&sr=1-7,"by Inc. BarCharts  | Mar 1, 2001"
"French All-in-One For Dummies, with CD",/French-All-One-Dummies-CD/dp/1118228154/ref=sr_1_8?keywords=Learn+french+book&qid=1564577474&refinements=p_n_feature_fifteen_browse-bin%3A5244976011&rnid=5244959011&s=books&sr=1-8,"by Consumer Dummies | Oct 9, 2012"
French Short Stories for Beginners: 20 Captivating Short Stories to Learn French & Grow Your Vocabulary the Fun Way! (Easy French Stories),/French-Short-Stories-Beginners-Captivating/dp/1096495228/ref=sr_1_9?keywords=Learn+french+book&qid=1564577474&refinements=p_n_feature_fifteen_browse-bin%3A5244976011&rnid=5244959011&s=books&sr=1-9,"by Lingo Mastery  | May 1, 2019"
"Comparative Grammar of Spanish, Portuguese, Italian and French: Learn & Compare 4 Languages Simultaneously",/Comparative-Grammar-Spanish-Portuguese-Italian/dp/198333426X/ref=sr_1_10?keywords=Learn+french+book&qid=1564577474&refinements=p_n_feature_fifteen_browse-bin%3A5244976011&rnid=5244959011&s=books&sr=1-10,"by Mikhail Petrunin  | Jul 2, 2018"
"Practice Makes Perfect: Complete French Grammar, Premium Third Edition",/Practice-Makes-Perfect-Complete-Grammar/dp/1259642372/ref=sr_1_11?keywords=Learn+french+book&qid=1564577474&refinements=p_n_feature_fifteen_browse-bin%3A5244976011&rnid=5244959011&s=books&sr=1-11,"by Annie Heminway  | Jul 7, 2016"
Eyewitness Travel Phrase Book French (DK Eyewitness Travel Phrase Books),/Eyewitness-Travel-Phrase-French-Books/dp/1465462678/ref=sr_1_12?keywords=Learn+french+book&qid=1564577474&refinements=p_n_feature_fifteen_browse-bin%3A5244976011&rnid=5244959011&s=books&sr=1-12,"by DK  | Jun 27, 2017"
Conversational French Dialogues: Over 100 French Conversations and Short Stories (Conversational French Dual Language Books),/Conversational-French-Dialogues-Conversations-Language/dp/1723757799/ref=sr_1_13?keywords=Learn+french+book&qid=1564577474&refinements=p_n_feature_fifteen_browse-bin%3A5244976011&rnid=5244959011&s=books&sr=1-13,"by Lingo Mastery  | Sep 19, 2018"
Easy French Phrase Book NEW EDITION: Over 700 Phrases for Everyday Use (Dover Language Guides French),/Easy-French-Phrase-Book-NEW/dp/0486499022/ref=sr_1_14?keywords=Learn+french+book&qid=1564577474&refinements=p_n_feature_fifteen_browse-bin%3A5244976011&rnid=5244959011&s=books&sr=1-14,"by Heather McCoy  | Sep 19, 2012"
"Complete French Beginner to Intermediate Course: Learn to read, write, speak and understand a new language (Teach Yourself)",/Complete-French-Beginner-Intermediate-Course/dp/144417729X/ref=sr_1_15?keywords=Learn+french+book&qid=1564577474&refinements=p_n_feature_fifteen_browse-bin%3A5244976011&rnid=5244959011&s=books&sr=1-15,"by Gaelle Graham  | Dec 27, 2013"
Berlitz Phrase Book & Dictionary French (Bilingual dictionary) (Berlitz Phrasebooks),/Berlitz-Phrase-Dictionary-French-Phrasebooks/dp/1780044852/ref=sr_1_16?keywords=Learn+french+book&qid=1564577474&refinements=p_n_feature_fifteen_browse-bin%3A5244976011&rnid=5244959011&s=books&sr=1-16,"by Berlitz Publishing | Apr 1, 2018"
French Grammar (Quickstudy: Academic),/French-Grammar-Quickstudy-Inc-BarCharts/dp/1572225289/ref=sr_1_17?keywords=Learn+french+book&qid=1564578503&refinements=p_n_feature_fifteen_browse-bin%3A5244976011&rnid=5244959011&s=books&sr=1-17,"by Inc. BarCharts  | Mar 1, 2001"
Lonely Planet Fast Talk French (Phrasebook),/Lonely-Planet-Fast-French-Phrasebook/dp/1786573873/ref=sr_1_18?keywords=Learn+french+book&qid=1564578503&refinements=p_n_feature_fifteen_browse-bin%3A5244976011&rnid=5244959011&s=books&sr=1-18,"by Lonely Planet , Michael Janes, et al. | Jun 19, 2018"
"Learn French: 2 Books in 1! A Fast and Easy Guide for Beginners to Learn Conversational French, A Simple and Easy Guide for Beginners to Learn any Foreign ... Language, Foreign Language, Learn French)",/Learn-French-Beginners-Conversational-Language-ebook/dp/B06ZZ63C3K/ref=sr_1_19?keywords=Learn+french+book&qid=1564578503&refinements=p_n_feature_fifteen_browse-bin%3A5244976011&rnid=5244959011&s=books&sr=1-19,by Olivier Robichaud and Wayne Chung
2000 Most Common French Words in Context: Get Fluent & Increase Your French Vocabulary with 2000 French Phrases (French Language Lessons),/2000-Common-French-Words-Context/dp/172497923X/ref=sr_1_20?keywords=Learn+french+book&qid=1564578503&refinements=p_n_feature_fifteen_browse-bin%3A5244976011&rnid=5244959011&s=books&sr=1-20,"by Lingo Mastery  | Aug 9, 2018"
Learn French with Innovative Language's Proven Language System - Level 1: Introduction to French: Introduction French #2,/French-Innovative-Languages-Proven-Language/dp/B005GW4PJY/ref=sr_1_21?keywords=Learn+french+book&qid=1564578503&refinements=p_n_feature_fifteen_browse-bin%3A5244976011&rnid=5244959011&s=books&sr=1-21,"by Innovative Language Learning, FrenchPod101.com, et al."
200 Most Frequently Used French Words + 2000 Example Sentences: A Dictionary of Frequency + Phrasebook to Learn French,/Frequently-French-Words-Example-Sentences-ebook/dp/B015RW635Q/ref=sr_1_22?keywords=Learn+french+book&qid=1564578503&refinements=p_n_feature_fifteen_browse-bin%3A5244976011&rnid=5244959011&s=books&sr=1-22,by Neri Rook
Lonely Planet French Phrasebook & Dictionary,/Lonely-Planet-French-Phrasebook-Dictionary/dp/1786574535/ref=sr_1_23?keywords=Learn+french+book&qid=1564578503&refinements=p_n_feature_fifteen_browse-bin%3A5244976011&rnid=5244959011&s=books&sr=1-23,"by Lonely Planet , Michael Janes, et al. | Sep 18, 2018"
Alice in Wonderland - Alice au Pays des Merveilles - A French to English Bilingual Book with French to English Dictionary: Learn French Fast and Easy ... Parallel Text Books (French Bilingual Books),/Alice-Wonderland-Merveilles-Bilingual-Dictionary/dp/9492637324/ref=sr_1_24?keywords=Learn+french+book&qid=1564578503&refinements=p_n_feature_fifteen_browse-bin%3A5244976011&rnid=5244959011&s=books&sr=1-24,"by Lewis Carroll, MostUsedWords , et al. | May 8, 2019"
Fluent Forever: How to Learn Any Language Fast and Never Forget It,/Fluent-Forever-Learn-Language-Forget-ebook/dp/B00IBZ405W/ref=sr_1_25?keywords=Learn+french+book&qid=1564578503&refinements=p_n_feature_fifteen_browse-bin%3A5244976011&rnid=5244959011&s=books&sr=1-25,by Gabriel Wyner
Pimsleur French Conversational Course - Level 1 Lessons 1-16 CD: Learn to Speak and Understand French with Pimsleur Language Programs (1),/Pimsleur-French-Conversational-Course-Understand/dp/0743550420/ref=sr_1_26?keywords=Learn+french+book&qid=1564578503&refinements=p_n_feature_fifteen_browse-bin%3A5244976011&rnid=5244959011&s=books&sr=1-26,"by Pimsleur | Oct 3, 2005"
Total French: Revised (Learn French with the Michel Thomas Method) (A Hodder Education Publication),/Total-French-Foundation-Course-Michel/dp/1444790676/ref=sr_1_27?keywords=Learn+french+book&qid=1564578503&refinements=p_n_feature_fifteen_browse-bin%3A5244976011&rnid=5244959011&s=books&sr=1-27,"by Michel Thomas  | May 30, 2014"
Intermediate French Short Stories: 10 Captivating Short Stories to Learn French & Grow Your Vocabulary the Fun Way! (Intermediate French Stories),/Intermediate-French-Short-Stories-Captivating/dp/1790975182/ref=sr_1_28?keywords=Learn+french+book&qid=1564578503&refinements=p_n_feature_fifteen_browse-bin%3A5244976011&rnid=5244959011&s=books&sr=1-28,"by Lingo Mastery  | Dec 8, 2018"
Berlitz Phrase Book & Dictionary French (Bilingual dictionary) (Berlitz Phrasebooks),/Berlitz-Phrase-Dictionary-French-Phrasebooks/dp/1780044852/ref=sr_1_29?keywords=Learn+french+book&qid=1564578503&refinements=p_n_feature_fifteen_browse-bin%3A5244976011&rnid=5244959011&s=books&sr=1-29,"by Berlitz Publishing | Apr 1, 2018"
Pronounce it Perfectly in French: With Audio CDs (Barron's Foreign Language Guides),/Pronounce-Perfectly-French-Audio-CDs/dp/1438072813/ref=sr_1_30?keywords=Learn+french+book&qid=1564578503&refinements=p_n_feature_fifteen_browse-bin%3A5244976011&rnid=5244959011&s=books&sr=1-30,"by Kendris Ph.D., Christopher and Kendris Ph.D., Theodore | Sep 1, 2013"
Learn French: Word Power 101: Absolute Beginner French #33,/Learn-French-Power-Absolute-Beginner/dp/B0081NY9R8/ref=sr_1_31?keywords=Learn+french+book&qid=1564578503&refinements=p_n_feature_fifteen_browse-bin%3A5244976011&rnid=5244959011&s=books&sr=1-31,"by Innovative Language Learning, FrenchPod101.com, et al."
Essential French Grammar (Dover Language Guides Essential Grammar),/Essential-French-Grammar-Language-Guides/dp/0486204197/ref=sr_1_32?keywords=Learn+french+book&qid=1564578503&refinements=p_n_feature_fifteen_browse-bin%3A5244976011&rnid=5244959011&s=books&sr=1-32,"by Seymour Resnick  | Jun 1, 1961"
Learn French with Innovative Language's Proven Language System - Level 2: Absolute Beginner French: Absolute Beginner French #31,/French-Innovative-Languages-Proven-Language/dp/B005GWI50E/ref=sr_1_33?keywords=Learn+french+book&qid=1564578507&refinements=p_n_feature_fifteen_browse-bin%3A5244976011&rnid=5244959011&s=books&sr=1-33,"by Innovative Language Learning, FrenchPod101.com, et al."
"Comparative Grammar of Spanish, Portuguese, Italian and French: Learn & Compare 4 Languages Simultaneously",/Comparative-Grammar-Spanish-Portuguese-Italian-ebook/dp/B07F5P6H8T/ref=sr_1_34?keywords=Learn+french+book&qid=1564578507&refinements=p_n_feature_fifteen_browse-bin%3A5244976011&rnid=5244959011&s=books&sr=1-34,by Mikhail Petrunin
Learn French with Innovative Language's Proven Language System - Level 3: Beginner French: Beginner French #29,/French-Innovative-Languages-Proven-Language/dp/B0057257NQ/ref=sr_1_35?keywords=Learn+french+book&qid=1564578507&refinements=p_n_feature_fifteen_browse-bin%3A5244976011&rnid=5244959011&s=books&sr=1-35,"by Innovative Language Learning, FrenchPod101.com, et al."
"The Ultimate French Verb Review and Practice, 2nd Edition (UItimate Review & Reference Series)",/Ultimate-French-Practice-UItimate-Reference/dp/0071797238/ref=sr_1_36?keywords=Learn+french+book&qid=1564578507&refinements=p_n_feature_fifteen_browse-bin%3A5244976011&rnid=5244959011&s=books&sr=1-36,"by David M. Stillman and Ronni L. Gordon  | Sep 11, 2012"
French Frequency Dictionary - Essential Vocabulary: 2500 Most Common French Words (French-English) (Volume 1),/French-Frequency-Dictionary-Vocabulary-French-English/dp/9492637081/ref=sr_1_37?keywords=Learn+french+book&qid=1564578507&refinements=p_n_feature_fifteen_browse-bin%3A5244976011&rnid=5244959011&s=books&sr=1-37,"by MostUsedWords  | Apr 4, 2018"
"Cool Kids Speak French: Enjoyable worksheets, wordsearches and colouring pages in French for children of all ages (French Edition)",/Cool-Kids-Speak-French-wordsearches/dp/1512234958/ref=sr_1_38?keywords=Learn+french+book&qid=1564578507&refinements=p_n_feature_fifteen_browse-bin%3A5244976011&rnid=5244959011&s=books&sr=1-38,"by Joanne Leyland  | Aug 6, 2015"
French Short Stories for Beginners and Intermediate Learners: Engaging Short Stories to Learn French and Build Your Vocabulary,/French-Stories-Beginners-Intermediate-Learners/dp/1073754081/ref=sr_1_39?keywords=Learn+french+book&qid=1564578507&refinements=p_n_feature_fifteen_browse-bin%3A5244976011&rnid=5244959011&s=books&sr=1-39,"by Language Guru  | Jun 13, 2019"
The Everything Essential French Book: All You Need to Learn French in No Time,/Everything-Essential-French-Book-Learn/dp/1440576912/ref=sr_1_40?keywords=Learn+french+book&qid=1564578507&refinements=p_n_feature_fifteen_browse-bin%3A5244976011&rnid=5244959011&s=books&sr=1-40,"by Bruce Sallee and David Hebert  | May 9, 2014"
Complete French Pack (Complete Language Pack),/Complete-French-Pack-Minutes-Language/dp/0756692393/ref=sr_1_41?keywords=Learn+french+book&qid=1564578507&refinements=p_n_feature_fifteen_browse-bin%3A5244976011&rnid=5244959011&s=books&sr=1-41,"by DK Publishing  | Jun 18, 2012"
"Swearing Like a Parisian: Common French Expressions, Vocabulary, and Slang",/Swearing-Like-Parisian-Expressions-Vocabulary/dp/1798659751/ref=sr_1_42?keywords=Learn+french+book&qid=1564578507&refinements=p_n_feature_fifteen_browse-bin%3A5244976011&rnid=5244959011&s=books&sr=1-42,"by Charlie Whitesides and Maïa PIERRE | May 8, 2019"
Rick Steves' French Phrase Book and Dictionary,/Rick-Steves-French-Phrase-Dictionary/dp/1598801864/ref=sr_1_43?keywords=Learn+french+book&qid=1564578507&refinements=p_n_feature_fifteen_browse-bin%3A5244976011&rnid=5244959011&s=books&sr=1-43,"by Rick Steves  | Nov 11, 2008"
The Portrait of Dorian Gray - Le Portrait de Dorian Gray: A French to English Bilingual Book With French to English Dictionary (French Bilingual Books),/Portrait-Dorian-Gray-Bilingual-Dictionary/dp/9492637170/ref=sr_1_44?keywords=Learn+french+book&qid=1564578507&refinements=p_n_feature_fifteen_browse-bin%3A5244976011&rnid=5244959011&s=books&sr=1-44,"by MostUsedWords , Oscar Wilde, et al. | Sep 6, 2018"
Learn French with Innovative Language's Proven Language System - Level 5: Advanced French #2,/French-Innovative-Languages-Proven-Language/dp/B0057QS5YU/ref=sr_1_45?keywords=Learn+french+book&qid=1564578507&refinements=p_n_feature_fifteen_browse-bin%3A5244976011&rnid=5244959011&s=books&sr=1-45,"by Innovative Language Learning, FrenchPod101.com, et al."
The Berlitz Self-Teacher -- French: A Unique Home-Study Method Developed by the Famous Berlitz Schools of Language,/Berlitz-Self-Teacher-French-Home-Study-Developed/dp/039951323X/ref=sr_1_46?keywords=Learn+french+book&qid=1564578507&refinements=p_n_feature_fifteen_browse-bin%3A5244976011&rnid=5244959011&s=books&sr=1-46,"by Berlitz Editors | Mar 6, 1987"
"French For Dummies, with CD",/French-Dummies-CD-Zoe-Erotopoulos/dp/1118004647/ref=sr_1_47?keywords=Learn+french+book&qid=1564578507&refinements=p_n_feature_fifteen_browse-bin%3A5244976011&rnid=5244959011&s=books&sr=1-47,"by Zoe Erotopoulos, Dodi-Katrin Schmidt, et al. | Aug 30, 2011"
"Play and Learn French with Audio CD, 2nd Edition",/Play-Learn-French-Audio-2nd/dp/0071759247/ref=sr_1_48?keywords=Learn+french+book&qid=1564578507&refinements=p_n_feature_fifteen_browse-bin%3A5244976011&rnid=5244959011&s=books&sr=1-48,"by Ana Lomba and Marcela Summerville  | Nov 1, 2011"
15-Minute French,/15-Minute-French-DK/dp/1465462945/ref=sr_1_49?keywords=Learn+french+book&qid=1564578510&refinements=p_n_feature_fifteen_browse-bin%3A5244976011&rnid=5244959011&s=books&sr=1-49,"by DK | Jan 16, 2018"
Learn French: A Beginner's Phrasebook to Memorize & Learn Everyday Phrases in French,/Learn-French-Beginners-Phrasebook-Memorize/dp/1725100126/ref=sr_1_50?keywords=Learn+french+book&qid=1564578510&refinements=p_n_feature_fifteen_browse-bin%3A5244976011&rnid=5244959011&s=books&sr=1-50,"by Oliver Robichaud | Aug 9, 2018"
Merriam-Webster's French-English Dictionary (English and French Edition),/Merriam-Websters-French-English-Dictionary-paperback-English/dp/0877799172/ref=sr_1_51?keywords=Learn+french+book&qid=1564578510&refinements=p_n_feature_fifteen_browse-bin%3A5244976011&rnid=5244959011&s=books&sr=1-51,"by Merriam-Webster and Eileen M Haraty | Jan 1, 2000"
Rick Steves' French Phrase Book & Dictionary,/Rick-Steves-French-Phrase-Dictionary/dp/1612382029/ref=sr_1_52?keywords=Learn+french+book&qid=1564578510&refinements=p_n_feature_fifteen_browse-bin%3A5244976011&rnid=5244959011&s=books&sr=1-52,"by Rick Steves  | Nov 26, 2013"
French English Bilingual Visual Dictionary (DK Bilingual Visual Dictionaries),/French-English-Bilingual-Dictionary-Dictionaries/dp/1465459286/ref=sr_1_53?keywords=Learn+french+book&qid=1564578510&refinements=p_n_feature_fifteen_browse-bin%3A5244976011&rnid=5244959011&s=books&sr=1-53,"by DK  | Apr 18, 2017"
"Living Language Spanish, Complete Edition",/Living-Language-Spanish-Complete/dp/0307478599/ref=sr_1_54?keywords=Learn+french+book&qid=1564578510&refinements=p_n_feature_fifteen_browse-bin%3A5244976011&rnid=5244959011&s=books&sr=1-54,"by Living Language | Aug 9, 2011"
Learn French with Stories for Beginners: 15 French Stories for Beginners with English Glossaries throughout the text. (Volume 1) (French and English Edition),/Learn-French-Stories-Beginners-Glossaries/dp/1516888863/ref=sr_1_55?keywords=Learn+french+book&qid=1564578510&refinements=p_n_feature_fifteen_browse-bin%3A5244976011&rnid=5244959011&s=books&sr=1-55,"by Frederic Bibard | Aug 14, 2015"
Learn French for Beginners Easily & in Your Car Audiobook Super Bundle! Phrases & Vocabulary Set! 2 Books in 1! (Level 1): Over 2000 French Words & Phrases! Fast & Easy French Language Learning!,/French-Beginners-Audiobook-Phrases-Vocabulary/dp/B07MMP1S7G/ref=sr_1_56?keywords=Learn+french+book&qid=1564578510&refinements=p_n_feature_fifteen_browse-bin%3A5244976011&rnid=5244959011&s=books&sr=1-56,by Immersion Language Audiobooks and Jerome Grondin
"French Step-By-Step: A Unique, Short-Cut Method to Learn and Speak French Fluently",/French-Step-Step-Short-Cut-Fluently/dp/0922066337/ref=sr_1_57?keywords=Learn+french+book&qid=1564578510&refinements=p_n_feature_fifteen_browse-bin%3A5244976011&rnid=5244959011&s=books&sr=1-57,"by Charles Berlitz  | Mar 1, 1990"
French (Eyewitness Travel Packs),/French-Eyewitness-Travel-Packs-DK/dp/0789495058/ref=sr_1_58?keywords=Learn+french+book&qid=1564578510&refinements=p_n_feature_fifteen_browse-bin%3A5244976011&rnid=5244959011&s=books&sr=1-58,"by DK  | Apr 21, 2003"
Learn in Your Car French Complete (French Edition),/Learn-Your-Car-French-Complete/dp/1591257212/ref=sr_1_59?keywords=Learn+french+book&qid=1564578510&refinements=p_n_feature_fifteen_browse-bin%3A5244976011&rnid=5244959011&s=books&sr=1-59,"by Henry N. Raymond  | Sep 1, 2006"
French for Beginners (Usborne Language Guides),/French-Beginners-Usborne-Language-Guides/dp/0746000545/ref=sr_1_60?keywords=Learn+french+book&qid=1564578510&refinements=p_n_feature_fifteen_browse-bin%3A5244976011&rnid=5244959011&s=books&sr=1-60,"by A. Wilkes and J. Shacknell | Mar 31, 1998"
Learn French the Fast and Fun Way with MP3 CD: The Activity Kit That Makes Learning a Language Quick and Easy! (Barron's Fast and Fun Foreign Languages),/Learn-French-Fast-Fun-Way/dp/1438074948/ref=sr_1_61?keywords=Learn+french+book&qid=1564578510&refinements=p_n_feature_fifteen_browse-bin%3A5244976011&rnid=5244959011&s=books&sr=1-61,"by Wald Ph.D., Heywood, Elisabeth Bourquin Leete, et al. | May 1, 2014"
Berlitz Phrase Book & Dictionary Italian (Bilingual dictionary) (Berlitz Phrasebooks),/Berlitz-Phrase-Dictionary-Italian-Phrasebooks/dp/1780044860/ref=sr_1_62?keywords=Learn+french+book&qid=1564578510&refinements=p_n_feature_fifteen_browse-bin%3A5244976011&rnid=5244959011&s=books&sr=1-62,"by Berlitz Publishing | Apr 1, 2018"
"French Crash Course: A No-BS, Seven-Day Guide to Learning Basic French",/French-Crash-Course-Seven-Day-Learning/dp/1518675913/ref=sr_1_63?keywords=Learn+french+book&qid=1564578510&refinements=p_n_feature_fifteen_browse-bin%3A5244976011&rnid=5244959011&s=books&sr=1-63,"by Frederic Bibard | Oct 18, 2015"
"Living Language Italian, Complete Edition: Beginner through advanced course, including 3 coursebooks, 9 audio CDs, and free online learning",/Living-Language-Italian-Complete-coursebooks/dp/0307478572/ref=sr_1_64?keywords=Learn+french+book&qid=1564578510&refinements=p_n_feature_fifteen_browse-bin%3A5244976011&rnid=5244959011&s=books&sr=1-64,"by Living Language | Aug 9, 2011"
Le Pendentif: Easy Short Stories with English Glossary (Easy French Reader Series for Beginners) (French Edition),/Pendentif-Stories-English-Glossary-Beginners/dp/2370610123/ref=sr_1_65?keywords=Learn+french+book&qid=1564578513&refinements=p_n_feature_fifteen_browse-bin%3A5244976011&rnid=5244959011&s=books&sr=1-65,"by Sylvie Lainé  | Jan 8, 2015"
French Made Simple: Learn to speak and understand French quickly and easily,/French-Made-Simple-understand-quickly/dp/0767918592/ref=sr_1_66?keywords=Learn+french+book&qid=1564578513&refinements=p_n_feature_fifteen_browse-bin%3A5244976011&rnid=5244959011&s=books&sr=1-66,"by Pamela Rose Haze | May 16, 2006"
601 French Verbs (601 Verbs) (French and English Edition),/601-French-Verbs-English/dp/1780043872/ref=sr_1_67?keywords=Learn+french+book&qid=1564578513&refinements=p_n_feature_fifteen_browse-bin%3A5244976011&rnid=5244959011&s=books&sr=1-67,"by Berlitz Publishing | Jun 1, 2013"
Behind the Wheel: French 1,/Behind-the-Wheel-French-1/dp/B001JK64N2/ref=sr_1_68?keywords=Learn+french+book&qid=1564578513&refinements=p_n_feature_fifteen_browse-bin%3A5244976011&rnid=5244959011&s=books&sr=1-68,by Macmillan Audio and Mark Frobose
French Verb Conjugations (Quick Study Academic) (French Edition),/French-Conjugations-Quick-Study-Academic/dp/1423233158/ref=sr_1_69?keywords=Learn+french+book&qid=1564578513&refinements=p_n_feature_fifteen_browse-bin%3A5244976011&rnid=5244959011&s=books&sr=1-69,"by Inc. Barcharts and Rachel Jacobs | Nov 1, 2016"
"FRENCH in 10 minutes a day: Language course for beginning and advanced study. Includes Workbook, Flash Cards, Sticky Labels, Menu Guide, Software, ... Grammar. Bilingual Books, Inc. (Publisher)",/FRENCH-minutes-day-beginning-Bilingual/dp/1931873291/ref=sr_1_70?keywords=Learn+french+book&qid=1564578513&refinements=p_n_feature_fifteen_browse-bin%3A5244976011&rnid=5244959011&s=books&sr=1-70,"by Kristine K. Kershul  | Nov 18, 2014"
Learn French the Fast and Fun Way (Fast and Fun Way Series),/Learn-French-Fast-Fun-Way/dp/0764125591/ref=sr_1_71?keywords=Learn+french+book&qid=1564578513&refinements=p_n_feature_fifteen_browse-bin%3A5244976011&rnid=5244959011&s=books&sr=1-71,"by E. Leete | Nov 2, 2002"
Japanese Phrase Book (Eyewitness Travel Guide ),/Japanese-Phrase-Eyewitness-Travel-Guide/dp/0789494906/ref=sr_1_72?keywords=Learn+french+book&qid=1564578513&refinements=p_n_feature_fifteen_browse-bin%3A5244976011&rnid=5244959011&s=books&sr=1-72,"by DK  | Mar 17, 2003"
French Short Stories For Beginners: 8 Unconventional Short Stories to Grow Your Vocabulary and Learn French the Fun Way! (Volume 1) (French Edition),/French-Short-Stories-Beginners-Unconventional/dp/1522741135/ref=sr_1_73?keywords=Learn+french+book&qid=1564578513&refinements=p_n_feature_fifteen_browse-bin%3A5244976011&rnid=5244959011&s=books&sr=1-73,"by Olly Richards and Richard Simcott  | Dec 13, 2015"
"Conversational French Quick and Easy: The Most Innovative and Revolutionary Technique to Learn the French Language. For Beginners, Intermediate, and Advanced Speakers.",/Conversational-French-Quick-Easy-Revolutionary-ebook/dp/B00OSTAV3K/ref=sr_1_74?keywords=Learn+french+book&qid=1564578513&refinements=p_n_feature_fifteen_browse-bin%3A5244976011&rnid=5244959011&s=books&sr=1-74,by Yatir Nitzany and Amanda Parrotte
The New Penguin Russian Course: A Complete Course for Beginners (Penguin Handbooks),/New-Penguin-Russian-Course-Beginners/dp/0140120416/ref=sr_1_75?keywords=Learn+french+book&qid=1564578513&refinements=p_n_feature_fifteen_browse-bin%3A5244976011&rnid=5244959011&s=books&sr=1-75,"by Nicholas J. Brown  | Dec 1, 1996"
German (Eyewitness Travel Guide Phrase Books),/German-Eyewitness-Travel-Guide-Phrase/dp/0789494884/ref=sr_1_76?keywords=Learn+french+book&qid=1564578513&refinements=p_n_feature_fifteen_browse-bin%3A5244976011&rnid=5244959011&s=books&sr=1-76,"by DK Publishing | Mar 17, 2003"
Lonely Planet French Phrasebook & Dictionary,/Lonely-Planet-French-Phrasebook-Dictionary/dp/1743214448/ref=sr_1_77?keywords=Learn+french+book&qid=1564578513&refinements=p_n_feature_fifteen_browse-bin%3A5244976011&rnid=5244959011&s=books&sr=1-77,"by Lonely Planet , Michael Janes, et al. | Apr 1, 2015"
Complete Guide to Conjugating 12000 French Verbs (English Edition),/Complete-Guide-Conjugating-French-English/dp/2218065916/ref=sr_1_78?keywords=Learn+french+book&qid=1564578513&refinements=p_n_feature_fifteen_browse-bin%3A5244976011&rnid=5244959011&s=books&sr=1-78,"by Bescherelle  | Feb 1, 1995"
French in Action : A Beginning Course in Language and Culture : The Capretz Method: Textbook,/French-Action-Beginning-Language-Textbook/dp/0300058217/ref=sr_1_79?keywords=Learn+french+book&qid=1564578513&refinements=p_n_feature_fifteen_browse-bin%3A5244976011&rnid=5244959011&s=books&sr=1-79,"by Pierre Capretz, Béatrice Abetti , et al. | Aug 31, 1994"
Cajun French-English/English-Cajun French Dictionary & Phrasebook (Hippocrene Dictionary & Phrasebooks),/French-English-English-Cajun-Dictionary-Phrasebook-Phrasebooks/dp/0781809150/ref=sr_1_80?keywords=Learn+french+book&qid=1564578513&refinements=p_n_feature_fifteen_browse-bin%3A5244976011&rnid=5244959011&s=books&sr=1-80,"by Jennifer Gipson | Aug 1, 2002"
Le Petit Prince (French Language Edition),/Petit-Prince-French-Language/dp/0156013983/ref=sr_1_81?keywords=Learn+french+book&qid=1564578516&refinements=p_n_feature_fifteen_browse-bin%3A5244976011&rnid=5244959011&s=books&sr=1-81,"by Antoine de Saint-Exupéry | Sep 4, 2001"
Learn French with Wordsearch Puzzles,/Learn-French-Wordsearch-Puzzles-Solenky/dp/1475001274/ref=sr_1_82?keywords=Learn+french+book&qid=1564578516&refinements=p_n_feature_fifteen_browse-bin%3A5244976011&rnid=5244959011&s=books&sr=1-82,"by David Solenky  | Apr 24, 2012"
French (With Ease) (French and English Edition),/Assimil-French-Pack-English-speakers/dp/2700518136/ref=sr_1_83?keywords=Learn+french+book&qid=1564578516&refinements=p_n_feature_fifteen_browse-bin%3A5244976011&rnid=5244959011&s=books&sr=1-83,"by Anthony Bulger  | Jan 1, 2016"
Total French with the Michel Thomas Method,/Total-French-Michel-Thomas-Method/dp/1444133020/ref=sr_1_84?keywords=Learn+french+book&qid=1564578516&refinements=p_n_feature_fifteen_browse-bin%3A5244976011&rnid=5244959011&s=books&sr=1-84,"by Michel Thomas  | Feb 7, 2012"
First French Reader: A Beginner's Dual-Language Book (Dover Dual Language French) (English and French Edition),/First-French-Reader-Beginners-Dual-Language/dp/0486461785/ref=sr_1_85?keywords=Learn+french+book&qid=1564578516&refinements=p_n_feature_fifteen_browse-bin%3A5244976011&rnid=5244959011&s=books&sr=1-85,"by Stanley Appelbaum  | Feb 4, 2008"
Learn French with Stories: 7 Short Stories For Beginner and Intermediate Students (French and English Edition),/Learn-French-Stories-Beginner-Intermediate/dp/1505396646/ref=sr_1_86?keywords=Learn+french+book&qid=1564578516&refinements=p_n_feature_fifteen_browse-bin%3A5244976011&rnid=5244959011&s=books&sr=1-86,"by Mr Frédéric Bibard | Dec 6, 2014"
Complete French Grammar Verbs Vocabulary: 3 Books in 1 (Collins Easy Learning),/Complete-French-Grammar-Verbs-Vocabulary/dp/000814172X/ref=sr_1_87?keywords=Learn+french+book&qid=1564578516&refinements=p_n_feature_fifteen_browse-bin%3A5244976011&rnid=5244959011&s=books&sr=1-87,"by Collins Dictionaries  | May 1, 2016"
Let's Learn Hiragana: First Book of Basic Japanese Writing,/Lets-Learn-Hiragana-Japanese-Writing/dp/1568363893/ref=sr_1_88?keywords=Learn+french+book&qid=1564578516&refinements=p_n_feature_fifteen_browse-bin%3A5244976011&rnid=5244959011&s=books&sr=1-88,"by Yasuko Kosaka Mitamura  | Mar 1, 2012"
Eyewitness Travel Phrase Book Italian (DK Eyewitness Travel Phrase Books),/Eyewitness-Travel-Phrase-Italian-Books/dp/1465462805/ref=sr_1_89?keywords=Learn+french+book&qid=1564578516&refinements=p_n_feature_fifteen_browse-bin%3A5244976011&rnid=5244959011&s=books&sr=1-89,"by DK  | Jun 27, 2017"
Barron's French-English Dictionary (Barron's Bilingual Dictionaries),/Barrons-French-English-Dictionary-Bilingual-Dictionaries/dp/1438007086/ref=sr_1_90?keywords=Learn+french+book&qid=1564578516&refinements=p_n_feature_fifteen_browse-bin%3A5244976011&rnid=5244959011&s=books&sr=1-90,"by Ursula Martini | Feb 15, 2016"
The Hound of the Baskervilles - Le Chien des Baskerville: A French to English Bilingual Book With French to English Dictionary (French Bilingual Books),/Hound-Baskervilles-Baskerville-Bilingual-Dictionary/dp/9492637197/ref=sr_1_91?keywords=Learn+french+book&qid=1564578516&refinements=p_n_feature_fifteen_browse-bin%3A5244976011&rnid=5244959011&s=books&sr=1-91,"by MostUsedWords , Conan Doyle, Arthur, et al. | Sep 7, 2018"
Language Hacking French : A Conversation Course for Beginners,/Language-Hacking-French-Conversation-Beginners/dp/1473633095/ref=sr_1_92?keywords=Learn+french+book&qid=1564578516&refinements=p_n_feature_fifteen_browse-bin%3A5244976011&rnid=5244959011&s=books&sr=1-92,"by Benny Lewis  | Sep 27, 2016"
Ultimate French: (Beginner Intermediate) A Complete Textbook and Reference Guide,/Ultimate-French-Beginner-Intermediate-Reference/dp/1400021049/ref=sr_1_93?keywords=Learn+french+book&qid=1564578516&refinements=p_n_feature_fifteen_browse-bin%3A5244976011&rnid=5244959011&s=books&sr=1-93,"by Living Language | Sep 21, 2004"
"The Ultimate French Review and Practice, Premium Third Edition",/Ultimate-French-Review-Practice-Premium/dp/0071849297/ref=sr_1_94?keywords=Learn+french+book&qid=1564578516&refinements=p_n_feature_fifteen_browse-bin%3A5244976011&rnid=5244959011&s=books&sr=1-94,"by David M. Stillman and Ronni L. Gordon  | Oct 8, 2015"
Painless French (Barron's Painless),/Barrons-Painless-French/dp/1438007701/ref=sr_1_95?keywords=Learn+french+book&qid=1564578516&refinements=p_n_feature_fifteen_browse-bin%3A5244976011&rnid=5244959011&s=books&sr=1-95,"by Chaitkin M.S., Carol and Lynn Gore | Jul 1, 2016"
I Can Read and Speak in French (Book + Audio CD),/Read-Speak-French-Book-Audio/dp/0071440461/ref=sr_1_96?keywords=Learn+french+book&qid=1564578516&refinements=p_n_feature_fifteen_browse-bin%3A5244976011&rnid=5244959011&s=books&sr=1-96,"by Maurice Hazan  | Jul 28, 2005"
Merde!: The Real French You Were Never Taught at School (Sexy Slang Series),/Merde-French-Never-Taught-School/dp/0684854279/ref=sr_1_97?keywords=Learn+french+book&qid=1564578520&refinements=p_n_feature_fifteen_browse-bin%3A5244976011&rnid=5244959011&s=books&sr=1-97,"by Genevieve and Michael Heath | Dec 9, 1998"
The Everything French Practice Book with CD: Practical techniques to Improve your French speaking and writing skills,/Everything-French-Practice-Book-techniques/dp/1598697773/ref=sr_1_98?keywords=Learn+french+book&qid=1564578520&refinements=p_n_feature_fifteen_browse-bin%3A5244976011&rnid=5244959011&s=books&sr=1-98,"by Annie Heminway  | Mar 18, 2009"
3 Minute French: Lessons 1-3: A fun and easy way to learn French for the busy learner,/Minute-French-Lessons-learn-learner/dp/1519076126/ref=sr_1_99?keywords=Learn+french+book&qid=1564578520&refinements=p_n_feature_fifteen_browse-bin%3A5244976011&rnid=5244959011&s=books&sr=1-99,"by Kieran Ball  | Dec 4, 2016"
French Stories / Contes Français (A Dual-Language Book) (English and French Edition),/French-Stories-Fran%C3%A7ais-Dual-Language-English/dp/0486264432/ref=sr_1_100?keywords=Learn+french+book&qid=1564578520&refinements=p_n_feature_fifteen_browse-bin%3A5244976011&rnid=5244959011&s=books&sr=1-100,"by Wallace Fowlie  | Oct 1, 1990"
